,total_score,BUNS,EPI_RMS,cav_vol,dslf_fa13,fa_atr,fa_dun,fa_elec,fa_intra_rep,fa_rep,fa_sol,hbond_bb_sc,hbond_lr_bb,hbond_sc,hbond_sr_bb,omega,p_aa_pp,pro_close,rama,ref,name
0,-161.57,19.0,0.398,103.421,-0.825,-330.412,82.93,-52.951,0.57,33.81,206.819,-8.774,-3.632,-16.108,-40.017,6.612,-13.236,0.008,-3.3,-23.063,S0_1.17_1
1,-159.86,19.0,0.671,55.719,-0.823,-331.291,83.427,-47.867,0.527,34.076,197.983,-7.048,-3.099,-8.526,-43.604,7.524,-13.766,0.019,-4.059,-23.333,S0_1.17_2
2,-155.651,21.0,0.459,35.764,-0.759,-320.687,74.262,-40.956,0.536,30.049,195.232,-4.582,-5.176,-11.894,-42.01,7.049,-12.276,0.005,-3.149,-21.297,S0_1.17_3
3,-150.704,17.0,0.588,189.701,-0.789,-315.0,77.353,-41.623,0.575,31.072,185.841,-6.03,-2.656,-10.499,-41.804,7.105,-13.063,0.005,-4.359,-16.83,S0_1.17_4
4,-156.616,26.0,0.357,103.622,-0.748,-331.438,71.162,-41.437,0.639,34.936,187.681,-8.513,-4.041,-9.996,-40.495,8.463,-13.194,0.111,-3.567,-6.179,S0_1.17_5
5,-154.786,17.0,1.725,33.301,-0.79,-336.159,81.646,-37.423,0.619,35.249,189.961,-4.658,-3.244,-6.795,-46.629,7.224,-12.579,0.082,-5.604,-15.686,S0_1.17_6
6,-160.212,19.0,0.603,120.267,-0.942,-335.458,84.293,-48.254,0.599,34.415,199.714,-7.059,-2.806,-14.459,-39.447,6.271,-13.748,0.099,-2.839,-20.592,S0_1.17_7
7,-160.165,14.0,0.648,108.108,-0.794,-320.324,72.985,-43.924,0.559,32.883,197.143,-6.21,-2.77,-14.837,-45.232,6.158,-14.667,0.01,-3.939,-17.205,S0_1.17_8
8,-158.391,16.0,0.755,71.93,-0.804,-323.691,75.564,-45.074,0.522,35.014,189.685,-6.401,-3.66,-12.72,-40.694,9.219,-14.153,0.027,-5.85,-15.374,S0_1.17_9
9,-153.291,15.0,0.429,88.103,-0.779,-310.386,67.627,-35.357,0.532,30.351,177.346,-4.011,-5.151,-8.748,-42.719,6.029,-12.917,0.016,-1.112,-14.013,S0_1.17_10
10,-155.26,15.0,0.676,51.396,-0.904,-324.231,79.31,-46.838,0.558,32.141,196.87,-3.375,-4.87,-14.118,-42.29,7.866,-10.861,0.012,-3.193,-21.337,S0_1.17_11
11,-155.202,17.0,1.069,77.346,-0.734,-325.612,77.909,-42.912,0.571,35.239,189.207,-5.479,-5.988,-9.235,-43.359,8.948,-12.562,0.004,-4.818,-16.382,S0_1.17_12
12,-160.127,26.0,1.11,96.924,-0.678,-344.477,80.823,-40.578,0.605,38.406,195.922,-6.419,-4.019,-12.708,-38.574,7.001,-12.416,0.105,-6.61,-16.51,S0_1.17_13
13,-154.235,20.0,0.457,133.543,-0.712,-317.398,76.524,-48.787,0.537,30.715,194.363,-5.492,-2.519,-13.683,-42.148,7.337,-12.939,0.017,-1.195,-18.855,S0_1.17_14
14,-155.259,23.0,0.834,106.249,-0.774,-331.039,80.343,-45.818,0.604,33.696,187.824,-4.565,-2.603,-10.194,-40.548,6.072,-12.486,0.019,-2.931,-12.86,S0_1.17_15
15,-160.38,16.0,0.41,98.42,-0.784,-319.643,71.934,-44.191,0.59,33.669,191.593,-7.383,-4.592,-12.85,-44.141,7.158,-12.221,0.002,-4.018,-15.503,S0_1.17_16
16,-156.466,16.0,1.028,111.238,-0.87,-309.177,87.319,-48.192,0.443,32.496,193.539,-0.956,-3.656,-17.793,-44.881,7.049,-12.091,0.176,-5.215,-34.66,S0_1.17_17
17,-153.463,16.0,0.674,84.094,-0.763,-325.309,83.599,-40.679,0.541,31.785,194.257,-3.666,-3.504,-12.884,-42.727,7.435,-13.446,0.007,-6.977,-21.133,S0_1.17_18
18,-154.739,21.0,0.471,137.275,-0.875,-320.992,74.954,-38.045,0.542,30.563,184.611,-4.262,-3.914,-9.238,-41.172,6.338,-12.591,0.005,-5.754,-14.911,S0_1.17_19
19,-155.832,18.0,0.7,106.859,-0.766,-316.591,78.043,-51.756,0.488,33.347,198.862,-5.947,-4.78,-14.971,-42.603,7.51,-13.124,0.061,-3.119,-20.485,S0_1.17_20
20,-154.501,20.0,0.712,172.568,-0.826,-313.003,88.851,-57.785,0.527,29.451,205.459,-1.607,-4.549,-17.85,-41.78,7.652,-11.993,0.03,-5.257,-31.821,S0_1.17_21
21,-157.229,15.0,0.897,93.934,-0.891,-319.378,85.305,-45.127,0.587,31.226,198.322,-3.392,-3.405,-16.009,-43.703,5.585,-14.118,0.078,-4.493,-27.816,S0_1.17_22
22,-156.61,19.0,0.717,43.58,-0.86,-318.789,71.139,-39.957,0.565,32.768,178.263,-1.648,-4.493,-7.318,-41.843,6.34,-14.351,0.173,-4.507,-12.094,S0_1.17_23
23,-152.821,14.0,0.468,126.393,-0.8,-329.143,81.551,-50.892,0.564,33.573,203.0,-4.152,-3.188,-13.517,-44.952,8.776,-13.515,0.004,-3.143,-16.987,S0_1.17_24
24,-153.295,16.0,0.705,83.403,-0.813,-321.406,74.91,-39.284,0.529,32.886,187.425,-6.397,-3.486,-8.475,-42.306,6.404,-12.99,0.062,-5.171,-15.183,S0_1.17_25
25,-157.498,12.0,1.106,10.279,-0.74,-323.746,89.011,-40.81,0.511,33.443,189.36,-2.677,-5.073,-10.047,-44.337,6.71,-12.702,0.0,-7.31,-29.09,S0_1.17_26
26,-155.48,22.0,0.436,111.489,-0.775,-329.709,77.778,-44.88,0.617,34.405,195.569,-9.294,-4.139,-10.79,-38.507,7.035,-14.076,0.056,-4.536,-14.234,S0_1.17_27
27,-155.311,23.0,0.64,56.875,-0.778,-327.333,73.841,-36.419,0.611,34.764,185.053,-5.057,-5.465,-8.306,-42.194,6.106,-12.63,0.102,-4.165,-13.442,S0_1.17_28
28,-151.839,18.0,0.856,97.829,-0.783,-312.541,79.127,-43.584,0.507,30.138,194.515,-2.239,-3.968,-14.574,-43.404,7.225,-12.85,0.05,-5.962,-23.496,S0_1.17_29
29,-152.837,20.0,0.392,131.67,-0.814,-305.994,68.263,-38.517,0.515,30.211,173.5,-2.495,-3.149,-11.221,-43.042,6.177,-13.628,0.002,-1.953,-10.692,S0_1.17_30
30,-156.404,12.0,1.436,45.277,-0.745,-317.487,85.71,-49.961,0.568,33.692,192.552,-1.833,-4.371,-10.256,-46.075,5.514,-10.576,0.001,-7.6,-25.537,S0_1.17_31
31,-157.847,16.0,0.587,84.785,-0.812,-338.393,76.731,-40.822,0.655,33.469,192.365,-3.909,-3.536,-10.258,-43.604,8.469,-13.045,0.003,-2.354,-12.805,S0_1.17_32
32,-153.703,17.0,0.443,119.745,-0.72,-327.99,83.035,-44.696,0.517,33.131,204.107,-3.278,-3.037,-19.69,-41.924,7.712,-10.35,0.05,-4.87,-25.701,S0_1.17_33
33,-155.708,16.0,0.618,35.764,-0.879,-322.962,80.669,-39.176,0.577,34.547,187.818,-5.257,-3.25,-10.286,-43.035,6.083,-13.886,0.063,-4.062,-22.673,S0_1.17_34
34,-154.745,17.0,0.564,91.684,-0.823,-323.645,76.865,-40.043,0.657,32.943,187.601,-5.611,-3.998,-10.434,-41.095,7.438,-12.193,0.065,-3.146,-19.324,S0_1.17_35
35,-157.865,19.0,0.43,126.531,-0.829,-321.456,71.981,-36.599,0.568,32.642,182.194,-5.864,-4.625,-7.806,-42.965,6.096,-12.991,0.015,-3.637,-14.588,S0_1.17_36
36,-157.513,26.0,1.278,98.495,-0.821,-336.555,79.719,-46.043,0.584,34.074,203.734,-8.489,-2.784,-11.632,-37.705,7.599,-14.884,0.162,-4.156,-20.316,S0_1.17_37
37,-158.278,16.0,0.438,72.558,-0.877,-329.493,79.438,-44.171,0.666,33.795,183.883,-5.164,-2.974,-10.071,-41.715,7.66,-13.456,0.077,-3.373,-12.503,S0_1.17_38
38,-153.968,23.0,0.401,37.988,-0.789,-331.602,83.411,-49.399,0.588,34.135,215.255,-7.129,-6.066,-18.527,-42.212,7.334,-12.497,0.006,-4.287,-22.189,S0_1.17_39
39,-146.814,23.0,0.745,90.93,-0.887,-344.665,91.526,-37.207,0.652,32.716,193.115,-2.846,-3.464,-9.563,-42.32,8.057,-10.896,0.01,-3.067,-17.972,S0_1.17_40
40,-153.825,21.0,0.544,171.499,-0.813,-335.887,83.861,-38.831,0.525,34.728,197.794,-6.687,-3.921,-14.002,-40.358,6.945,-11.699,0.054,-5.521,-20.011,S0_1.17_41
41,-155.219,23.0,0.353,126.154,-0.797,-322.091,85.101,-49.042,0.484,29.792,201.596,-6.292,-4.93,-14.882,-39.409,7.711,-14.445,0.025,-3.787,-24.253,S0_1.17_42
42,-154.265,19.0,0.64,113.499,-0.738,-311.066,77.204,-41.834,0.491,29.082,186.396,-4.264,-4.109,-12.434,-40.444,6.388,-14.791,0.005,-5.25,-18.903,S0_1.17_43
43,-160.55,12.0,0.684,20.559,-0.798,-331.874,77.607,-41.729,0.551,33.354,195.957,-4.27,-4.926,-13.904,-42.488,9.584,-12.549,0.002,-5.724,-19.341,S0_1.17_44
44,-154.761,19.0,0.842,56.875,-0.782,-322.385,93.428,-52.946,0.546,31.453,206.523,-2.962,-4.053,-16.925,-43.595,7.089,-11.092,0.01,-6.94,-32.131,S0_1.17_45
45,-153.454,16.0,0.624,74.343,-0.866,-318.125,78.055,-41.625,0.545,33.809,188.356,-4.539,-4.821,-11.168,-41.367,7.289,-14.215,0.02,-5.627,-19.175,S0_1.17_46
46,-154.611,23.0,0.577,82.209,-0.828,-325.203,81.605,-42.475,0.598,31.589,187.739,-5.745,-2.987,-10.616,-39.808,6.385,-14.47,0.008,-1.35,-19.052,S0_1.17_47
47,-158.231,17.0,0.595,55.719,-0.815,-327.511,70.501,-35.047,0.574,31.442,184.793,-3.668,-4.368,-10.083,-41.892,7.136,-12.247,0.03,-2.788,-14.289,S0_1.17_48
48,-159.938,26.0,0.602,68.411,-0.899,-332.144,81.143,-35.727,0.576,32.1,191.839,-7.881,-5.147,-9.308,-41.084,6.223,-13.246,0.087,-5.461,-21.009,S0_1.17_49
49,-155.54,19.0,0.82,139.436,-0.811,-330.884,72.418,-35.955,0.649,34.385,181.338,-9.755,-2.691,-5.319,-40.16,6.344,-11.566,0.037,-4.995,-8.575,S0_1.17_50
50,-155.124,19.0,0.594,157.168,-0.711,-330.725,81.865,-43.788,0.601,32.643,201.829,-6.533,-5.887,-14.436,-40.151,7.442,-11.747,0.004,-3.882,-21.649,S0_1.17_51
51,-156.825,15.0,0.563,61.248,-0.819,-337.306,90.813,-46.561,0.617,35.046,198.82,-2.128,-4.429,-14.214,-45.563,7.24,-12.597,0.003,-5.06,-20.687,S0_1.17_52
52,-159.512,17.0,0.415,87.248,-0.744,-328.189,75.399,-40.642,0.63,31.97,193.079,-7.07,-4.329,-14.948,-42.339,7.239,-13.626,0.024,-3.171,-12.796,S0_1.17_53
53,-157.268,15.0,1.078,62.572,-0.729,-309.224,84.471,-45.489,0.569,28.533,181.74,-1.216,-4.12,-12.038,-42.193,5.401,-12.87,0.002,-7.345,-22.759,S0_1.17_54
54,-149.972,15.0,0.52,175.129,-0.808,-324.399,86.696,-54.385,0.58,34.941,202.926,-4.781,-3.573,-16.088,-43.461,9.341,-11.217,0.003,-1.78,-23.966,S0_1.17_55
55,-154.762,18.0,0.684,66.727,-0.736,-315.402,87.335,-45.527,0.58,29.683,186.637,-1.705,-3.965,-14.217,-42.354,6.92,-13.329,0.022,-3.972,-24.731,S0_1.17_56
56,-152.204,27.0,0.529,204.438,-0.803,-324.391,78.827,-48.877,0.548,36.902,202.291,-8.645,-4.372,-13.183,-39.274,6.958,-14.598,0.085,-5.304,-18.369,S0_1.17_57
57,-157.467,23.0,0.468,71.528,-0.774,-332.975,84.376,-48.741,0.635,34.099,203.175,-3.731,-2.894,-14.992,-39.24,6.328,-15.705,0.678,-3.173,-24.532,S0_1.17_58
58,-154.403,15.0,0.85,119.029,-0.916,-309.337,74.648,-43.775,0.526,29.993,189.777,-5.05,-4.876,-11.156,-42.007,6.43,-14.31,0.101,-4.847,-19.605,S0_1.17_59
59,-156.662,18.0,0.461,170.061,-0.766,-324.168,92.117,-46.226,0.533,29.598,199.58,-4.234,-3.778,-17.108,-42.908,6.985,-13.127,0.059,-3.676,-29.542,S0_1.17_60
60,-154.962,15.0,0.703,173.479,-0.822,-326.018,77.724,-40.758,0.536,33.732,189.894,-7.945,-5.355,-10.481,-40.751,8.045,-10.454,0.023,-5.56,-16.77,S0_1.17_61
61,-157.857,24.0,0.418,112.695,-0.802,-326.056,74.649,-41.243,0.495,31.711,196.653,-5.782,-3.935,-11.394,-44.201,5.946,-13.759,0.093,-4.182,-16.05,S0_1.17_62
62,-158.896,25.0,0.417,181.081,-0.746,-345.897,94.15,-56.837,0.575,34.24,222.013,-10.151,-2.944,-17.202,-39.909,8.466,-13.27,0.005,-5.563,-25.825,S0_1.17_63
63,-155.385,20.0,0.747,114.153,-0.801,-335.229,77.02,-38.766,0.611,34.024,186.076,-3.428,-6.019,-8.426,-40.271,8.635,-14.362,0.052,-1.437,-13.064,S0_1.17_64
64,-156.644,12.0,0.801,67.858,-0.829,-357.756,86.037,-39.234,0.716,37.885,199.43,-3.784,-5.374,-12.458,-42.989,8.557,-12.058,0.005,-3.291,-11.5,S0_1.17_65
65,-162.094,21.0,0.866,133.334,-0.925,-343.873,90.46,-47.152,0.598,33.833,203.09,-7.463,-5.666,-14.486,-42.196,7.177,-10.573,0.02,-4.83,-20.108,S0_1.17_66
66,-156.658,16.0,0.561,124.384,-0.773,-315.01,74.176,-40.969,0.57,30.828,178.97,-4.383,-3.556,-7.214,-40.895,7.078,-16.659,0.002,-5.182,-13.64,S0_1.17_67
67,-159.571,15.0,0.958,146.071,-0.738,-329.195,75.934,-43.863,0.55,33.971,193.299,-4.144,-3.46,-9.58,-44.317,6.936,-12.851,0.009,-6.152,-15.97,S0_1.17_68
68,-155.379,25.0,0.79,87.713,-0.735,-329.709,82.154,-42.019,0.531,31.696,199.774,-8.093,-3.134,-13.404,-39.541,7.437,-11.968,0.011,-3.162,-25.218,S0_1.17_69
69,-153.287,13.0,1.151,29.066,-0.749,-315.579,81.614,-43.977,0.54,33.443,187.235,-3.848,-5.992,-9.667,-41.833,6.148,-11.899,0.069,-6.964,-21.828,S0_1.17_70
70,-155.713,21.0,0.614,95.721,-0.831,-327.811,81.396,-45.569,0.504,35.706,194.163,-4.603,-4.316,-12.328,-41.285,8.027,-13.857,0.011,-4.94,-19.982,S0_1.17_71
71,-164.217,17.0,0.448,90.88,-0.889,-339.464,74.277,-45.189,0.59,34.586,203.807,-6.366,-2.61,-10.192,-44.838,6.611,-14.331,0.111,-3.312,-17.006,S0_1.17_72
72,-152.95,21.0,0.676,93.393,-0.734,-320.761,80.154,-46.482,0.568,32.244,200.591,-6.054,-3.511,-15.459,-43.339,6.747,-11.873,0.011,-4.53,-20.522,S0_1.17_73
73,-153.977,19.0,0.525,60.595,-0.73,-331.897,77.16,-37.847,0.524,31.681,193.609,-5.131,-3.249,-12.077,-41.961,7.608,-13.129,0.002,-3.137,-15.403,S0_1.17_74
74,-153.032,24.0,0.453,165.964,-0.762,-328.181,81.805,-48.526,0.571,32.845,198.66,-2.513,-3.85,-15.878,-41.629,7.127,-12.983,0.003,-3.583,-16.136,S0_1.17_75
75,-151.985,15.0,0.74,89.912,-0.595,-335.129,82.394,-36.344,0.586,35.466,187.824,-7.509,-4.585,-7.473,-41.588,7.449,-12.869,0.057,-1.912,-17.758,S0_1.17_76
76,-155.447,26.0,0.425,95.969,-0.681,-314.722,72.401,-40.587,0.546,30.138,189.222,-6.183,-4.305,-14.624,-39.832,9.054,-15.51,0.061,-3.927,-16.499,S0_1.17_77
77,-154.889,23.0,0.623,43.58,-0.76,-332.081,79.22,-39.858,0.625,31.89,197.962,-6.83,-2.651,-14.146,-37.867,5.801,-13.998,0.174,-5.923,-16.449,S0_1.17_78
78,-159.606,19.0,0.741,154.024,-0.799,-326.614,81.182,-47.367,0.527,33.048,196.106,-5.11,-3.86,-15.444,-42.961,6.46,-10.895,0.005,-4.844,-19.039,S0_1.17_79
79,-152.375,18.0,0.415,125.073,-0.868,-329.624,87.584,-47.619,0.557,32.869,206.937,-6.473,-4.108,-15.805,-42.307,8.3,-13.491,0.002,-3.508,-24.822,S0_1.17_80
80,-156.513,19.0,0.66,115.774,-0.753,-322.117,81.185,-40.326,0.57,32.257,191.258,-6.952,-6.126,-12.111,-42.618,7.395,-13.306,0.076,-3.11,-21.836,S0_1.17_81
81,-157.532,26.0,0.381,29.066,-0.828,-336.347,82.29,-46.682,0.584,32.923,199.864,-5.581,-4.635,-13.067,-40.472,6.116,-10.956,0.068,-2.973,-17.837,S0_1.17_82
82,-155.956,11.0,0.912,82.863,-0.834,-336.787,82.352,-39.766,0.609,34.79,198.832,-4.092,-4.974,-12.869,-43.399,8.096,-14.701,0.0,-5.916,-17.298,S0_1.17_83
83,-158.008,17.0,0.684,89.02,-0.818,-328.654,75.545,-39.916,0.538,31.551,186.147,-8.357,-3.299,-7.628,-40.98,6.782,-14.472,0.004,-3.973,-10.478,S0_1.17_84
84,-161.331,21.0,0.626,104.808,-0.833,-334.272,80.794,-38.963,0.592,33.841,187.59,-7.744,-3.204,-8.393,-41.201,7.916,-14.72,0.043,-3.737,-19.039,S0_1.17_85
85,-157.112,22.0,0.422,142.565,-0.797,-321.627,81.264,-44.546,0.627,31.097,196.013,-5.979,-3.3,-14.571,-42.705,6.441,-14.698,0.242,-3.303,-21.27,S0_1.17_86
86,-153.197,18.0,0.475,102.818,-0.747,-334.839,94.504,-47.917,0.547,33.479,209.18,-2.444,-3.429,-19.25,-45.379,7.553,-11.367,0.043,-3.009,-30.121,S0_1.17_87
87,-153.958,13.0,0.567,150.507,-0.86,-318.428,76.379,-42.728,0.454,30.789,192.725,-5.865,-3.051,-15.363,-42.821,6.697,-10.691,0.019,-4.905,-16.31,S0_1.17_88
88,-154.891,19.0,0.676,54.161,-0.903,-329.948,80.88,-47.937,0.589,31.181,210.181,-3.653,-3.33,-17.518,-39.031,6.717,-14.133,0.033,-3.876,-24.144,S0_1.17_89
89,-156.61,26.0,0.822,120.951,-0.91,-335.267,85.954,-42.909,0.597,32.469,198.24,-7.37,-4.88,-11.213,-38.621,7.118,-11.745,0.008,-3.882,-24.2,S0_1.17_90
90,-153.882,15.0,0.633,75.021,-0.874,-310.663,65.982,-34.36,0.514,31.698,180.493,-4.818,-5.434,-12.248,-40.2,6.97,-13.789,0.04,-2.936,-14.258,S0_1.17_91
91,-158.927,22.0,0.582,117.37,-0.809,-332.337,80.622,-46.435,0.593,34.206,190.507,-5.893,-2.985,-12.801,-38.366,6.0,-13.828,0.005,-3.804,-13.603,S0_1.17_92
92,-161.368,26.0,1.166,113.286,-0.89,-336.044,75.693,-39.717,0.556,35.261,196.301,-4.65,-2.715,-11.417,-42.7,7.03,-14.336,0.101,-3.266,-20.574,S0_1.17_93
93,-157.444,17.0,0.687,165.956,-0.776,-325.428,76.017,-37.727,0.596,31.223,190.953,-3.358,-5.082,-12.13,-43.884,7.428,-13.468,0.032,-3.926,-17.914,S0_1.17_94
94,-153.79,21.0,0.384,94.788,-0.826,-337.273,90.226,-50.057,0.593,35.14,203.33,-3.301,-3.669,-13.025,-40.572,7.475,-12.743,0.017,-3.91,-25.196,S0_1.17_95
95,-152.168,17.0,0.624,15.57,-0.688,-324.395,67.036,-35.036,0.53,33.035,184.151,-6.466,-4.017,-10.463,-40.167,7.136,-14.331,0.133,-3.065,-5.562,S0_1.17_96
96,-157.395,21.0,0.796,120.801,-0.799,-332.59,80.93,-42.56,0.498,33.392,203.932,-4.701,-3.409,-12.143,-43.014,7.416,-14.301,0.011,-4.124,-25.932,S0_1.17_97
97,-158.729,16.0,0.469,23.022,-0.8,-327.577,72.999,-42.643,0.576,33.05,193.557,-4.494,-4.371,-10.299,-41.917,6.57,-11.571,0.004,-4.012,-17.8,S0_1.17_98
98,-156.911,26.0,0.405,101.26,-0.751,-337.768,83.489,-48.394,0.614,34.093,202.954,-4.841,-3.113,-14.026,-41.386,7.071,-14.039,0.003,-1.117,-19.699,S0_1.17_99
99,-155.186,19.0,0.508,136.81,-0.783,-333.011,81.981,-38.41,0.603,35.894,186.737,-5.596,-4.742,-7.647,-41.48,8.043,-14.386,0.066,-4.788,-17.666,S0_1.17_100
100,-157.437,25.0,0.339,70.874,-0.831,-325.143,80.612,-46.968,0.517,34.223,200.638,-9.963,-6.978,-14.762,-40.027,10.684,-12.47,0.007,-5.233,-21.741,S0_1.17_101
101,-152.524,25.0,0.546,84.785,-0.851,-330.911,75.07,-38.777,0.571,34.853,188.949,-6.537,-4.589,-8.533,-40.821,6.482,-12.688,0.079,-3.488,-11.333,S0_1.17_102
102,-152.984,18.0,0.58,248.405,-0.783,-323.134,73.162,-38.177,0.551,35.093,191.266,-6.17,-5.446,-11.507,-41.98,6.296,-12.342,0.004,-4.871,-14.946,S0_1.17_103
103,-151.969,17.0,0.599,48.871,-0.752,-320.024,74.91,-38.672,0.543,31.863,192.205,-2.593,-3.536,-13.595,-41.777,8.272,-12.953,0.06,-2.976,-22.944,S0_1.17_104
104,-152.752,15.0,0.639,80.437,-0.903,-309.782,86.942,-42.178,0.465,29.534,196.348,-4.476,-7.144,-14.119,-41.987,6.605,-13.893,0.028,-4.526,-33.666,S0_1.17_105
105,-160.454,18.0,0.862,99.903,-0.792,-333.925,80.382,-42.645,0.536,32.366,193.188,-3.817,-3.71,-10.23,-39.891,6.493,-13.524,0.012,-4.269,-20.629,S0_1.17_106
106,-158.876,18.0,0.673,82.209,-0.605,-317.062,70.501,-40.899,0.558,32.022,180.86,-6.393,-4.613,-8.945,-41.247,5.957,-14.065,0.021,-1.954,-13.013,S0_1.17_107
107,-160.641,16.0,0.538,127.8,-0.778,-343.444,89.944,-42.921,0.66,35.24,187.152,-2.92,-3.887,-12.086,-41.153,6.34,-11.723,0.02,-3.733,-17.351,S0_1.17_108
108,-154.138,19.0,0.457,149.766,-0.814,-315.189,73.124,-41.389,0.546,30.868,186.698,-8.333,-5.407,-7.593,-39.06,6.074,-14.193,0.005,-3.199,-16.276,S0_1.17_109
109,-154.536,24.0,1.264,60.205,-0.978,-332.542,79.83,-38.345,0.613,30.974,192.708,-5.03,-4.7,-6.506,-41.797,6.815,-12.219,0.023,-4.719,-18.666,S0_1.17_110
110,-154.988,20.0,1.072,61.613,-0.775,-320.288,76.775,-36.364,0.602,33.528,175.793,-2.324,-5.914,-9.624,-42.628,6.527,-10.745,0.005,-4.804,-14.753,S0_1.17_111
111,-160.161,19.0,0.476,25.849,-0.728,-341.113,74.546,-37.511,0.597,34.166,189.37,-4.863,-5.089,-11.125,-41.031,8.096,-11.437,0.014,-4.355,-9.698,S0_1.17_112
112,-157.82,17.0,1.532,85.275,-0.794,-328.947,80.812,-39.737,0.556,32.171,190.294,-5.688,-4.373,-7.563,-43.771,8.524,-12.265,0.135,-6.307,-20.868,S0_1.17_113
113,-156.476,11.0,0.792,139.904,-0.815,-315.162,81.667,-40.19,0.598,31.174,178.912,-1.918,-4.799,-10.085,-43.466,5.899,-12.224,0.002,-6.429,-19.638,S0_1.17_114
114,-156.219,13.0,2.325,128.579,-0.697,-330.683,86.608,-46.183,0.584,34.382,199.124,-5.329,-5.488,-16.076,-44.889,6.942,-10.861,0.052,-4.63,-19.074,S0_1.17_115
115,-155.029,20.0,0.447,178.061,-0.827,-327.625,76.597,-46.747,0.556,33.688,200.232,-7.217,-3.177,-12.475,-42.711,7.573,-13.033,0.005,-4.407,-15.459,S0_1.17_116
116,-154.138,18.0,0.507,85.125,-0.794,-326.89,78.014,-40.341,0.558,31.952,193.813,-6.872,-5.9,-10.923,-40.831,7.071,-11.678,0.004,-3.473,-17.847,S0_1.17_117
117,-156.572,20.0,0.924,104.728,-0.707,-331.796,84.236,-47.249,0.608,29.796,201.588,-5.19,-4.293,-14.764,-42.015,7.883,-12.454,0.098,-1.827,-20.484,S0_1.17_118
118,-153.282,13.0,0.786,90.076,-0.754,-315.716,63.91,-36.463,0.5,31.132,182.206,-2.297,-4.814,-11.16,-44.569,7.876,-11.623,0.054,-3.153,-8.41,S0_1.17_119
119,-154.351,25.0,0.379,123.414,-0.767,-332.927,83.577,-53.173,0.519,33.936,209.304,-5.716,-2.801,-15.485,-41.519,6.524,-11.466,0.103,-2.124,-22.336,S0_1.17_120
120,-157.711,18.0,0.364,115.121,-0.812,-324.087,79.481,-42.905,0.504,32.617,195.284,-8.745,-2.597,-10.356,-43.933,7.943,-11.54,0.012,-5.699,-22.879,S0_1.17_121
121,-152.234,18.0,0.845,64.264,-0.799,-334.389,80.237,-46.566,0.587,37.765,196.987,-6.605,-3.88,-10.191,-42.732,7.805,-12.464,0.101,-3.646,-14.445,S0_1.17_122
122,-151.902,10.0,0.369,43.58,-0.833,-317.942,72.392,-38.096,0.523,33.905,184.615,-2.99,-4.845,-7.802,-42.78,6.101,-13.635,0.063,-2.913,-17.665,S0_1.17_123
123,-153.617,19.0,0.518,93.707,-0.775,-335.883,77.106,-43.554,0.629,32.336,200.003,-7.998,-4.578,-12.956,-42.742,6.617,-10.973,0.007,0.423,-11.28,S0_1.17_124
124,-153.329,23.0,0.59,132.362,-0.764,-321.127,74.034,-43.381,0.543,32.651,193.828,-4.241,-3.434,-14.06,-40.952,7.356,-14.773,0.095,-2.036,-17.069,S0_1.17_125
125,-156.143,14.0,0.531,68.462,-0.778,-321.712,74.506,-39.296,0.563,31.076,193.104,-6.354,-5.211,-8.792,-42.503,6.456,-12.627,0.003,-4.04,-20.537,S0_1.17_126
126,-157.777,19.0,0.753,97.528,-0.834,-335.651,82.083,-43.271,0.684,33.907,193.0,-5.527,-2.69,-13.409,-42.994,6.39,-12.548,0.098,-2.496,-14.519,S0_1.17_127
127,-152.973,21.0,0.502,92.677,-0.658,-337.316,70.357,-35.663,0.558,33.394,195.044,-5.256,-4.084,-12.983,-41.204,4.967,-11.42,0.011,-2.387,-6.334,S0_1.17_128
128,-147.29,16.0,0.559,105.344,-0.782,-320.591,68.459,-32.757,0.607,33.943,177.398,-5.38,-2.613,-7.914,-41.352,6.89,-12.333,0.017,-3.492,-7.391,S0_1.17_129
129,-151.993,20.0,0.739,83.981,-0.805,-328.819,79.525,-38.625,0.652,33.227,190.704,-8.432,-3.688,-9.131,-43.084,7.393,-11.008,0.017,-3.656,-16.266,S0_1.17_130
130,-152.884,18.0,0.836,54.161,-0.845,-332.31,77.344,-35.025,0.562,32.96,187.903,-2.055,-3.343,-9.356,-44.569,8.326,-11.435,0.007,-6.231,-14.818,S0_1.17_131
131,-162.521,23.0,0.87,118.878,-0.889,-343.905,95.665,-54.502,0.525,35.068,215.736,-6.582,-3.442,-19.9,-39.898,7.928,-13.343,0.001,-4.848,-30.136,S0_1.17_132
132,-153.656,16.0,0.515,149.18,-0.806,-317.872,67.292,-39.631,0.564,32.164,180.374,-4.932,-3.988,-12.394,-41.582,7.855,-13.664,0.001,-2.487,-4.55,S0_1.17_133
133,-155.909,21.0,0.631,114.171,-0.796,-323.214,88.203,-52.022,0.544,30.738,200.41,-6.283,-3.475,-15.596,-41.475,7.433,-13.18,0.007,-3.516,-23.689,S0_1.17_134
134,-155.613,19.0,0.383,86.444,-0.776,-319.379,85.858,-51.617,0.565,30.41,197.519,-2.852,-4.218,-18.355,-42.464,7.439,-12.535,0.009,-2.532,-22.688,S0_1.17_135
135,-154.989,22.0,0.633,87.462,-0.872,-328.392,79.712,-41.962,0.585,34.879,190.935,-5.915,-4.009,-11.881,-39.842,7.265,-14.686,0.074,-4.571,-16.309,S0_1.17_136
136,-155.96,16.0,0.772,163.953,-0.79,-303.422,74.176,-45.782,0.551,28.946,185.423,-5.233,-3.881,-13.518,-39.387,5.175,-15.76,0.113,-4.074,-18.497,S0_1.17_137
137,-158.064,17.0,0.876,136.05,-0.857,-315.969,71.679,-41.779,0.591,32.706,182.237,-2.769,-3.932,-12.048,-43.633,6.574,-14.134,0.12,-4.066,-12.781,S0_1.17_138
138,-153.044,19.0,0.702,100.895,-0.819,-334.247,71.639,-36.923,0.55,36.352,189.658,-4.44,-3.641,-10.894,-41.258,7.52,-12.973,0.11,-4.222,-9.457,S0_1.17_139
139,-154.291,20.0,0.582,28.312,-0.73,-321.381,70.012,-39.192,0.528,33.06,190.093,-4.037,-3.059,-11.549,-43.545,8.132,-12.74,0.069,-2.187,-17.765,S0_1.17_140
140,-160.361,17.0,0.439,54.551,-0.775,-329.558,82.573,-43.543,0.568,32.416,197.25,-6.049,-4.743,-14.226,-42.48,7.61,-12.369,0.002,-6.424,-20.611,S0_1.17_141
141,-151.707,18.0,0.54,112.042,-0.748,-312.824,71.029,-46.069,0.603,32.338,187.444,-4.679,-2.879,-9.595,-41.783,7.286,-14.246,0.002,-1.799,-15.788,S0_1.17_142
142,-157.54,24.0,0.759,129.906,-0.868,-328.792,82.509,-49.125,0.539,30.04,204.368,-6.268,-2.963,-15.501,-41.792,7.406,-13.045,0.019,-3.975,-20.093,S0_1.17_143
143,-158.813,20.0,0.523,91.32,-0.868,-334.484,77.106,-46.935,0.529,31.519,205.792,-4.999,-3.736,-14.961,-42.777,7.117,-10.079,0.024,-5.106,-16.953,S0_1.17_144
144,-158.445,19.0,1.006,154.034,-0.793,-321.874,74.678,-36.941,0.541,31.966,187.073,-4.94,-4.81,-8.511,-43.302,5.827,-13.162,0.03,-4.89,-19.338,S0_1.17_145
145,-153.344,17.0,0.591,62.254,-0.867,-324.163,78.267,-35.357,0.591,32.832,171.888,-2.583,-5.508,-7.658,-40.446,7.881,-13.351,0.04,-3.763,-11.148,S0_1.17_146
146,-155.036,19.0,0.408,97.779,-0.821,-312.626,73.791,-41.336,0.444,30.076,185.261,-3.365,-3.84,-10.262,-43.537,6.157,-14.201,0.003,-3.765,-17.014,S0_1.17_147
147,-150.709,21.0,0.793,64.44,-0.801,-328.097,82.425,-43.975,0.646,33.804,191.89,-2.725,-4.655,-15.308,-40.777,5.862,-9.619,0.039,-4.76,-14.659,S0_1.17_148
148,-152.779,21.0,0.757,62.367,-0.812,-322.724,83.728,-48.946,0.548,30.244,201.468,-3.52,-4.379,-17.994,-41.932,7.549,-11.897,0.031,-3.125,-21.016,S0_1.17_149
149,-153.818,19.0,0.49,156.242,-0.793,-327.491,75.929,-38.891,0.575,34.237,189.403,-9.057,-3.705,-9.211,-41.285,6.269,-12.588,0.008,-3.953,-13.265,S0_1.17_150
150,-164.977,15.0,0.474,89.02,-0.78,-330.327,74.236,-40.298,0.603,33.077,185.229,-5.478,-5.229,-10.031,-45.07,8.161,-13.635,0.011,-5.003,-10.441,S0_1.17_151
151,-156.042,16.0,0.544,172.814,-0.71,-325.614,81.4,-47.169,0.577,32.069,193.609,-6.032,-3.805,-13.369,-40.785,7.431,-12.235,0.003,-5.279,-16.132,S0_1.17_152
152,-159.883,14.0,0.726,148.296,-0.809,-331.717,74.181,-38.89,0.597,34.105,189.51,-4.023,-3.895,-10.718,-43.847,6.219,-12.28,0.092,-4.482,-13.924,S0_1.17_153
153,-160.338,16.0,0.852,46.408,-0.826,-327.957,71.929,-42.738,0.52,32.277,195.362,-7.461,-6.321,-12.056,-42.353,8.324,-13.334,0.008,-2.566,-13.147,S0_1.17_154
154,-150.819,15.0,0.338,73.752,-0.812,-323.139,81.799,-45.064,0.54,32.542,201.37,-9.549,-3.525,-13.04,-41.478,6.546,-12.33,0.004,-5.736,-18.946,S0_1.17_155
155,-155.683,15.0,2.082,95.969,-0.816,-324.468,88.182,-48.817,0.593,33.223,196.919,-4.932,-4.762,-12.008,-41.984,7.528,-12.352,0.09,-6.224,-25.855,S0_1.17_156
156,-159.718,19.0,0.903,62.618,-0.726,-321.969,74.376,-41.468,0.569,30.355,182.632,-2.692,-3.691,-10.695,-41.996,6.274,-13.092,0.091,-4.381,-13.304,S0_1.17_157
157,-158.823,17.0,0.546,108.36,-0.864,-323.514,78.514,-47.57,0.447,33.054,203.557,-5.805,-6.708,-14.834,-41.173,7.544,-11.971,0.026,-6.469,-23.057,S0_1.17_158
158,-157.872,21.0,0.438,82.209,-0.758,-325.755,81.378,-44.687,0.531,30.943,195.87,-5.08,-5.778,-11.975,-39.641,6.598,-12.829,0.006,-3.664,-23.031,S0_1.17_159
159,-160.614,15.0,0.57,95.605,-0.734,-326.402,80.249,-45.778,0.576,33.398,197.426,-5.683,-5.075,-13.875,-43.925,8.325,-13.561,0.021,-4.786,-20.789,S0_1.17_160
160,-157.867,16.0,0.864,123.733,-0.827,-327.945,92.246,-46.668,0.642,33.329,193.116,-1.408,-7.732,-13.618,-41.487,6.78,-12.613,0.022,-2.531,-29.173,S0_1.17_161
161,-156.65,17.0,1.191,115.171,-0.867,-335.556,81.965,-43.075,0.559,32.915,200.265,-3.971,-3.107,-14.57,-44.208,7.221,-12.015,0.017,-3.17,-19.052,S0_1.17_162
162,-155.292,16.0,0.614,172.536,-0.767,-323.956,76.798,-42.806,0.592,33.389,192.767,-5.145,-4.158,-12.406,-43.091,6.818,-11.655,0.002,-2.355,-19.32,S0_1.17_163
163,-153.782,22.0,0.75,73.752,-0.851,-320.591,80.631,-46.182,0.516,34.312,191.554,-4.779,-3.75,-12.376,-39.313,6.641,-14.307,0.167,-4.626,-20.828,S0_1.17_164
164,-153.535,17.0,0.701,51.484,-0.772,-321.234,70.752,-38.203,0.503,30.544,189.219,-8.14,-4.578,-10.733,-39.033,6.26,-10.81,0.008,-4.406,-12.911,S0_1.17_165
165,-155.736,22.0,0.648,110.521,-0.858,-317.434,75.573,-42.152,0.541,32.645,188.122,-7.363,-4.059,-9.14,-40.679,5.493,-13.895,0.079,-2.68,-19.929,S0_1.17_166
166,-155.142,15.0,0.419,83.503,-0.792,-326.516,87.839,-53.326,0.502,34.8,206.044,-5.153,-3.332,-19.025,-42.928,7.742,-10.72,0.02,-5.043,-25.254,S0_1.17_167
167,-158.56,19.0,0.557,81.204,-0.864,-321.537,65.346,-40.334,0.533,31.28,187.956,-7.55,-4.577,-8.478,-41.437,6.934,-13.33,0.011,-4.448,-8.066,S0_1.17_168
168,-162.014,18.0,0.49,71.289,-0.73,-332.693,71.807,-41.445,0.583,34.488,196.111,-7.08,-4.426,-11.421,-44.829,8.314,-16.303,0.037,-3.493,-10.935,S0_1.17_169
169,-152.179,26.0,0.566,114.542,-0.764,-324.362,79.853,-45.606,0.532,31.639,197.651,-4.712,-3.938,-13.85,-40.031,7.114,-12.784,0.005,-3.811,-19.117,S0_1.17_170
170,-153.886,16.0,0.524,165.951,-0.82,-310.312,70.426,-33.601,0.498,30.131,176.297,-1.336,-6.092,-9.73,-43.126,6.697,-10.291,0.044,-6.946,-15.724,S0_1.17_171
171,-161.71,15.0,0.604,70.372,-0.74,-331.181,88.934,-48.37,0.517,32.415,205.04,-3.294,-4.568,-16.758,-43.25,6.497,-11.718,0.057,-7.584,-27.706,S0_1.17_172
172,-153.792,15.0,0.45,150.709,-0.785,-312.506,72.215,-41.303,0.587,30.61,182.818,-6.074,-3.139,-8.258,-41.63,7.117,-13.962,0.006,-3.768,-15.722,S0_1.17_173
173,-154.671,14.0,0.727,81.568,-0.853,-316.315,72.568,-38.142,0.543,32.477,176.197,-3.112,-3.412,-6.865,-42.664,7.382,-11.194,0.078,-2.86,-18.496,S0_1.17_174
174,-156.248,16.0,0.503,38.591,-0.906,-315.284,77.241,-41.237,0.552,30.396,187.197,-5.665,-5.411,-14.032,-41.607,6.525,-14.349,0.001,-1.328,-18.343,S0_1.17_175
175,-152.027,18.0,0.693,69.438,-0.728,-314.156,72.488,-37.882,0.521,30.453,178.921,-3.119,-4.499,-7.023,-41.685,6.32,-13.394,0.002,-3.34,-14.907,S0_1.17_176
176,-157.247,29.0,0.712,112.381,-0.786,-327.491,78.194,-42.739,0.639,33.748,189.597,-3.23,-4.222,-15.328,-39.667,7.004,-14.85,0.007,-3.244,-14.882,S0_1.17_177
177,-154.998,15.0,0.559,156.89,-0.813,-322.91,77.321,-45.818,0.553,33.074,190.443,-5.258,-3.364,-10.058,-42.229,6.616,-11.143,0.006,-4.48,-16.936,S0_1.17_178
178,-158.061,18.0,0.57,76.136,-0.702,-318.085,65.214,-36.843,0.527,33.211,184.271,-5.168,-6.414,-11.515,-43.464,7.612,-13.399,0.02,-3.651,-9.675,S0_1.17_179
179,-159.868,15.0,0.381,42.06,-0.712,-341.023,73.82,-44.148,0.538,35.151,200.751,-5.268,-3.394,-16.967,-38.426,8.061,-11.524,0.078,-4.635,-12.17,S0_1.17_180
180,-154.606,17.0,0.448,118.941,-0.865,-318.676,73.77,-44.522,0.501,32.254,188.728,-7.891,-2.93,-11.951,-39.504,6.761,-11.793,0.1,-3.796,-14.791,S0_1.17_181
181,-156.938,19.0,0.837,126.694,-0.817,-319.454,74.12,-41.399,0.602,32.036,181.891,-2.732,-3.491,-10.957,-43.647,6.813,-15.498,0.055,-4.217,-10.241,S0_1.17_182
182,-151.629,20.0,0.571,150.884,-0.86,-319.468,78.023,-43.45,0.564,32.263,193.157,-4.48,-6.791,-14.489,-39.394,6.558,-12.538,0.067,-2.415,-18.374,S0_1.17_183
183,-155.618,19.0,0.596,121.818,-0.795,-325.551,80.478,-42.891,0.667,34.295,190.072,-5.14,-5.764,-11.209,-41.506,7.071,-12.081,0.076,-4.351,-18.989,S0_1.17_184
184,-155.399,19.0,0.934,144.991,-0.762,-318.018,74.304,-38.462,0.563,33.33,183.812,-4.873,-4.029,-10.799,-41.215,6.635,-13.532,0.129,-3.878,-18.603,S0_1.17_185
185,-157.088,15.0,0.49,90.566,-0.784,-325.089,72.75,-36.147,0.613,32.676,181.862,-2.923,-4.671,-10.349,-43.929,5.9,-12.099,0.022,-4.345,-10.576,S0_1.17_186
186,-154.961,22.0,0.693,36.128,-0.921,-329.62,78.014,-38.318,0.626,32.152,183.682,-2.286,-2.71,-10.393,-41.489,6.467,-12.566,0.098,-5.361,-12.334,S0_1.17_187
187,-154.609,21.0,0.473,81.757,-0.821,-324.575,69.822,-36.179,0.62,31.759,190.58,-4.495,-3.393,-10.084,-44.189,7.617,-11.09,0.111,-4.976,-15.318,S0_1.17_188
188,-149.16,15.0,0.416,100.204,-0.829,-320.356,74.901,-40.218,0.558,33.011,183.835,-4.403,-2.557,-10.879,-42.201,7.836,-13.514,0.01,-4.456,-9.901,S0_1.17_189
189,-156.59,13.0,0.623,87.248,-0.864,-330.771,84.024,-46.435,0.577,30.481,197.344,-2.034,-6.612,-12.095,-44.45,7.756,-10.199,0.026,-3.907,-19.431,S0_1.17_190
190,-154.858,18.0,1.01,43.58,-0.67,-337.82,83.47,-44.936,0.589,34.022,198.921,-6.811,-2.796,-10.786,-41.197,6.76,-11.152,0.069,-4.787,-17.731,S0_1.17_191
191,-156.263,14.0,0.637,106.249,-0.753,-319.632,79.783,-39.219,0.535,31.77,180.409,-3.656,-3.778,-13.006,-45.061,6.862,-10.862,0.027,-3.846,-15.837,S0_1.17_192
192,-159.715,22.0,0.65,98.131,-0.846,-344.378,94.136,-57.638,0.562,31.967,227.154,-6.025,-2.849,-17.683,-43.574,6.226,-11.81,0.059,-4.23,-30.787,S0_1.17_193
193,-159.22,20.0,0.675,65.999,-0.808,-323.969,75.817,-38.169,0.581,31.048,187.079,-4.594,-4.412,-11.567,-42.356,7.749,-15.289,0.037,-1.9,-18.468,S0_1.17_194
194,-153.233,22.0,0.551,58.132,-0.776,-318.969,81.058,-47.852,0.54,32.755,191.266,-4.891,-3.18,-10.924,-43.954,7.794,-13.684,0.004,-2.348,-20.072,S0_1.17_195
195,-157.957,15.0,0.64,111.238,-0.858,-339.405,69.476,-37.656,0.601,35.334,193.075,-5.69,-3.771,-10.216,-42.907,9.606,-13.206,0.005,-2.406,-9.94,S0_1.17_196
196,-154.748,16.0,0.684,86.281,-0.763,-312.012,73.496,-41.611,0.533,30.921,187.719,-4.152,-5.2,-10.686,-42.321,6.801,-11.98,0.003,-4.646,-20.85,S0_1.17_197
197,-162.294,20.0,1.225,92.679,-0.901,-350.078,82.762,-41.901,0.598,35.187,203.094,-10.141,-3.158,-12.246,-40.917,7.493,-12.456,0.104,-4.973,-14.759,S0_1.17_198
198,-153.846,12.0,0.578,89.271,-0.847,-321.025,70.739,-34.949,0.644,33.601,182.156,-5.473,-3.154,-11.214,-43.68,6.91,-11.884,0.007,-3.622,-12.053,S0_1.17_199
199,-152.05,14.0,0.796,159.894,-0.8,-316.319,73.503,-41.561,0.633,30.705,185.634,-5.596,-6.927,-12.443,-37.516,7.616,-11.451,0.026,-3.484,-14.068,S0_1.17_200
200,-163.8,16.0,1.702,35.764,-0.845,-320.395,92.253,-55.227,0.497,34.971,203.953,-2.543,-5.626,-13.334,-44.267,6.088,-12.151,0.081,-8.055,-39.2,S0_1.17_201
201,-152.243,20.0,0.469,81.606,-0.838,-327.379,78.893,-37.867,0.569,31.661,189.15,-5.942,-4.2,-9.014,-41.038,7.015,-10.631,0.011,-4.344,-18.287,S0_1.17_202
202,-155.937,14.0,0.601,147.667,-0.818,-317.42,73.843,-42.7,0.534,31.095,196.468,-7.635,-4.538,-14.141,-42.614,7.386,-11.855,0.054,-4.263,-19.333,S0_1.17_203
203,-155.142,20.0,0.728,44.636,-0.789,-324.043,77.644,-43.007,0.534,31.227,197.212,-7.109,-3.383,-13.309,-42.886,7.225,-12.988,0.002,-2.503,-18.97,S0_1.17_204
204,-154.332,18.0,0.739,45.44,-0.748,-331.594,73.884,-34.771,0.654,34.294,180.609,-1.517,-5.553,-10.444,-41.933,6.865,-12.291,0.045,-3.427,-8.405,S0_1.17_205
205,-152.046,16.0,0.775,83.227,-0.783,-319.384,70.506,-35.085,0.545,32.875,181.557,-3.471,-4.184,-11.479,-41.686,8.265,-13.947,0.026,-3.595,-12.207,S0_1.17_206
206,-156.883,20.0,0.548,163.922,-0.751,-315.819,71.575,-42.997,0.526,28.206,195.769,-7.057,-4.669,-13.181,-44.101,5.704,-12.707,0.028,-1.804,-15.604,S0_1.17_207
207,-152.618,17.0,0.399,66.602,-0.87,-319.485,75.141,-45.16,0.55,34.541,195.467,-7.12,-5.738,-13.408,-39.335,7.089,-11.369,0.022,-3.646,-19.298,S0_1.17_208
208,-158.033,15.0,0.507,69.618,-0.859,-324.757,78.584,-45.452,0.66,31.856,194.494,-2.986,-3.996,-17.828,-41.066,6.665,-13.669,0.034,-5.489,-14.226,S0_1.17_209
209,-161.801,19.0,0.813,97.528,-0.813,-340.396,86.424,-47.275,0.572,34.615,205.961,-7.908,-4.084,-14.616,-44.239,8.343,-12.508,0.011,-3.774,-22.115,S0_1.17_210
210,-162.698,12.0,1.07,118.526,-0.916,-320.532,71.254,-37.95,0.535,30.946,179.942,-7.279,-4.114,-7.943,-43.598,5.745,-12.01,0.114,-4.44,-12.454,S0_1.17_211
211,-154.924,15.0,0.431,107.719,-0.781,-322.602,72.384,-39.103,0.514,31.227,189.036,-4.446,-4.758,-13.498,-42.981,7.66,-10.307,0.003,-3.507,-13.766,S0_1.17_212
212,-156.879,21.0,0.383,94.185,-0.824,-301.612,77.781,-47.275,0.498,31.3,186.347,-3.438,-5.129,-16.076,-43.795,5.928,-12.876,0.047,-3.625,-24.131,S0_1.17_213
213,-155.711,17.0,0.969,61.977,-0.698,-327.532,77.605,-41.68,0.522,32.048,198.346,-6.447,-2.965,-13.003,-43.482,6.196,-11.18,0.109,-3.307,-20.244,S0_1.17_214
214,-148.153,18.0,0.595,155.373,-0.757,-311.629,70.701,-45.118,0.564,32.281,187.319,-7.024,-3.747,-11.561,-40.582,6.668,-11.809,0.082,-2.35,-11.191,S0_1.17_215
215,-154.915,15.0,0.822,141.661,-0.846,-331.513,89.325,-44.032,0.578,31.912,199.232,-5.759,-3.2,-15.577,-41.768,8.031,-12.222,0.103,-3.719,-25.462,S0_1.17_216
216,-153.483,18.0,0.493,62.618,-0.786,-325.859,88.285,-46.731,0.552,31.243,205.313,-7.925,-5.417,-16.444,-39.983,6.736,-12.632,0.015,-5.767,-24.083,S0_1.17_217
217,-153.425,17.0,0.566,108.058,-0.719,-316.784,73.079,-41.616,0.529,32.799,183.942,-4.274,-3.427,-11.885,-42.518,7.028,-11.584,0.124,-4.297,-13.821,S0_1.17_218
218,-156.594,14.0,0.55,82.36,-0.827,-322.99,67.372,-34.691,0.6,31.624,178.286,-8.676,-5.794,-9.616,-39.985,6.622,-12.107,0.007,-4.063,-2.355,S0_1.17_219
219,-153.771,20.0,0.538,51.334,-0.735,-327.932,79.816,-37.263,0.55,33.098,188.72,-10.362,-3.033,-10.539,-39.211,7.88,-14.125,0.003,-4.291,-16.349,S0_1.17_220
220,-150.018,11.0,1.483,25.849,-0.811,-322.846,83.173,-45.292,0.62,34.207,194.307,-3.586,-4.05,-12.838,-43.21,6.105,-10.327,0.028,-6.434,-19.063,S0_1.17_221
221,-156.371,18.0,0.654,108.306,-0.689,-331.609,77.162,-41.001,0.643,32.641,193.643,-4.685,-2.954,-13.412,-43.054,6.005,-12.352,0.033,-5.787,-10.956,S0_1.17_222
222,-155.394,15.0,0.977,97.414,-0.888,-330.29,74.616,-34.888,0.596,34.225,185.442,-7.088,-5.449,-6.767,-41.966,6.648,-11.919,0.004,-6.527,-11.143,S0_1.17_223
223,-156.725,17.0,0.472,124.709,-0.871,-327.262,71.892,-49.191,0.531,38.22,200.974,-6.746,-4.392,-13.339,-41.726,6.837,-12.606,0.027,-2.447,-16.626,S0_1.17_224
224,-155.947,11.0,1.16,122.843,-0.755,-311.418,83.742,-49.541,0.584,31.937,188.166,-3.015,-4.956,-11.166,-43.031,7.372,-12.155,0.139,-5.837,-26.013,S0_1.17_225
225,-160.419,16.0,0.703,107.053,-0.736,-324.999,75.912,-39.96,0.546,33.756,190.426,-6.26,-4.564,-10.663,-41.865,6.566,-13.32,0.099,-4.986,-20.372,S0_1.17_226
226,-156.409,27.0,0.732,161.013,-0.793,-332.375,87.352,-48.613,0.557,35.544,203.697,-3.487,-3.502,-16.567,-42.017,8.216,-13.793,0.124,-3.37,-27.382,S0_1.17_227
227,-156.625,12.0,0.979,88.518,-0.787,-308.434,82.098,-43.283,0.546,29.165,182.354,-3.403,-2.799,-8.473,-43.937,6.657,-12.4,0.004,-6.498,-27.437,S0_1.17_228
228,-154.484,13.0,0.78,62.618,-0.729,-327.461,74.283,-41.473,0.542,33.552,187.748,-5.247,-4.905,-9.629,-41.072,7.451,-11.141,0.005,-4.967,-11.443,S0_1.17_229
229,-152.993,17.0,0.647,64.327,-0.805,-338.981,74.833,-39.883,0.601,36.067,196.256,-4.736,-5.086,-8.774,-41.835,7.7,-12.417,0.093,-4.192,-11.834,S0_1.17_230
230,-160.002,12.0,0.532,106.525,-0.882,-320.942,75.894,-47.472,0.504,33.13,196.978,-4.683,-3.09,-12.022,-42.995,6.447,-14.624,0.089,-3.168,-23.166,S0_1.17_231
231,-158.243,17.0,0.868,114.291,-0.915,-322.374,76.442,-45.343,0.56,32.566,192.234,-3.811,-3.672,-10.291,-43.014,7.476,-14.839,0.042,-2.587,-20.717,S0_1.17_232
232,-155.024,20.0,0.683,132.085,-0.781,-326.803,80.353,-46.932,0.572,33.485,202.632,-9.183,-3.522,-11.552,-42.591,6.791,-15.119,0.026,-4.325,-18.074,S0_1.17_233
233,-155.472,16.0,0.426,116.528,-0.762,-318.522,82.379,-45.217,0.604,32.527,192.364,-5.569,-4.594,-15.377,-40.939,5.8,-12.939,0.005,-5.202,-20.03,S0_1.17_234
234,-155.587,25.0,0.486,69.065,-0.789,-326.142,77.359,-45.081,0.556,32.417,198.805,-5.868,-5.694,-12.697,-39.178,6.449,-13.99,0.006,-3.687,-18.053,S0_1.17_235
235,-152.72,17.0,0.467,142.829,-0.796,-310.481,73.33,-39.68,0.548,30.736,186.05,-6.91,-4.702,-12.424,-41.54,10.283,-11.522,0.107,-6.351,-19.367,S0_1.17_236
236,-152.128,19.0,0.714,90.314,-0.774,-323.23,79.345,-40.153,0.6,29.914,186.176,-4.332,-4.069,-11.094,-40.938,6.285,-11.336,0.007,-1.758,-16.772,S0_1.17_237
237,-152.687,18.0,0.856,104.628,-0.912,-330.128,80.269,-40.421,0.539,32.485,198.704,-6.644,-3.922,-10.157,-42.226,6.081,-14.285,0.032,-4.02,-18.082,S0_1.17_238
238,-158.068,22.0,0.566,70.686,-0.779,-333.147,71.934,-39.075,0.644,31.728,186.308,-3.581,-4.554,-11.358,-40.455,7.272,-13.165,0.038,-2.352,-7.527,S0_1.17_239
239,-150.572,18.0,0.598,54.915,-0.799,-322.528,86.503,-39.115,0.621,32.113,188.269,-3.499,-5.72,-10.005,-40.883,6.346,-13.289,0.008,-3.809,-24.783,S0_1.17_240
240,-154.487,14.0,0.481,88.744,-0.878,-313.318,77.994,-46.392,0.525,32.641,187.054,-4.838,-5.236,-9.588,-41.321,5.971,-11.299,0.109,-4.44,-21.47,S0_1.17_241
241,-156.331,17.0,0.774,41.054,-0.87,-332.631,80.822,-38.123,0.581,34.653,191.705,-4.589,-4.897,-12.681,-41.029,8.22,-14.228,0.1,-4.499,-18.865,S0_1.17_242
242,-155.328,22.0,0.541,52.088,-0.799,-330.431,77.073,-40.928,0.55,32.863,194.815,-6.371,-4.217,-10.031,-41.697,7.147,-15.566,0.081,-1.384,-16.433,S0_1.17_243
243,-159.038,15.0,0.428,83.087,-0.833,-334.344,85.2,-41.753,0.58,32.403,204.273,-5.004,-3.533,-13.8,-44.177,6.047,-13.668,0.046,-3.385,-27.09,S0_1.17_244
244,-157.295,16.0,0.702,168.729,-0.678,-324.218,84.614,-47.258,0.533,32.545,199.509,-4.811,-6.914,-14.932,-39.452,7.031,-13.121,0.022,-4.905,-25.261,S0_1.17_245
245,-155.497,17.0,1.14,33.301,-0.9,-321.684,80.63,-44.902,0.582,31.866,191.246,-1.892,-6.311,-11.811,-42.79,7.435,-13.095,0.028,-6.996,-16.902,S0_1.17_246
246,-154.047,17.0,0.41,78.628,-0.83,-317.827,73.431,-36.057,0.536,31.742,186.289,-7.235,-4.423,-10.352,-42.572,7.065,-12.957,0.086,-3.308,-17.636,S0_1.17_247
247,-150.312,16.0,0.535,142.377,-0.809,-314.192,84.732,-52.682,0.588,31.438,197.926,-9.101,-4.407,-14.991,-39.071,6.202,-13.05,0.007,-3.035,-19.866,S0_1.17_248
248,-158.975,18.0,0.688,91.785,-0.8,-335.238,82.237,-39.44,0.591,32.915,190.259,-7.449,-4.372,-8.77,-41.915,7.281,-12.176,0.007,-3.415,-18.69,S0_1.17_249
249,-153.562,15.0,0.512,78.691,-0.768,-320.225,69.617,-32.382,0.488,32.788,182.598,-3.81,-3.483,-8.384,-43.236,6.933,-13.114,0.096,-4.87,-15.81,S0_1.17_250
250,-151.675,20.0,0.389,127.611,-0.789,-321.66,70.109,-31.84,0.612,29.874,181.256,-4.301,-7.123,-6.806,-41.922,6.258,-11.422,0.003,-1.94,-11.985,S0_1.17_251
251,-151.745,18.0,0.428,74.506,-0.794,-320.743,65.511,-35.779,0.665,35.031,182.076,-3.084,-4.214,-6.106,-41.154,6.988,-12.068,0.143,-4.897,-13.319,S0_1.17_252
252,-153.357,22.0,0.66,10.279,-0.743,-328.957,74.571,-33.92,0.565,33.279,183.923,-4.988,-4.254,-7.868,-40.085,7.678,-12.663,0.086,-3.307,-16.676,S0_1.17_253
253,-157.216,17.0,0.609,114.869,-0.923,-336.405,78.488,-43.44,0.547,36.12,196.319,-5.167,-4.589,-9.54,-44.038,6.613,-11.2,0.073,-2.369,-17.704,S0_1.17_254
254,-155.968,26.0,0.69,56.322,-0.768,-329.649,80.654,-44.805,0.534,31.666,192.497,-6.161,-2.446,-12.882,-40.171,7.552,-15.628,0.007,-2.365,-14.003,S0_1.17_255
255,-152.509,18.0,0.906,36.128,-0.733,-326.007,66.241,-34.561,0.597,33.568,187.099,-2.12,-4.717,-9.21,-39.94,6.19,-14.606,0.317,-4.646,-9.981,S0_1.17_256
256,-157.44,22.0,0.506,90.93,-0.613,-339.604,82.405,-43.313,0.608,35.884,200.845,-5.283,-4.879,-11.762,-43.049,8.06,-14.399,0.005,-4.871,-17.474,S0_1.17_257
257,-161.2,19.0,0.807,62.367,-0.817,-338.257,82.556,-46.016,0.51,33.147,202.994,-4.426,-4.684,-11.926,-44.72,7.889,-12.473,0.048,-5.475,-19.55,S0_1.17_258
258,-156.348,19.0,0.755,66.602,-0.842,-328.874,72.608,-36.59,0.579,36.194,186.969,-2.284,-2.69,-10.336,-43.162,5.536,-14.14,0.045,-6.242,-13.119,S0_1.17_259
259,-152.218,13.0,0.957,81.348,-0.852,-314.473,80.412,-41.46,0.546,32.469,181.478,-5.227,-2.77,-7.652,-44.438,7.313,-12.48,0.022,-4.203,-20.905,S0_1.17_260
260,-153.968,18.0,0.673,60.595,-0.782,-321.369,77.401,-40.653,0.591,32.965,185.784,-6.672,-6.277,-9.136,-42.309,6.831,-13.828,0.003,-2.297,-14.221,S0_1.17_261
261,-150.675,23.0,0.511,104.477,-0.783,-335.066,86.006,-41.863,0.585,33.19,196.99,-5.569,-2.993,-12.64,-44.517,6.817,-10.548,0.043,-2.155,-18.171,S0_1.17_262
262,-154.177,21.0,1.029,28.312,-0.817,-325.186,76.286,-29.482,0.547,29.733,185.839,-7.822,-4.193,-5.761,-41.547,5.931,-14.945,0.132,-6.278,-16.616,S0_1.17_263
263,-155.752,14.0,0.501,105.035,-0.796,-324.312,79.67,-42.2,0.56,30.905,192.907,-8.063,-3.946,-8.957,-41.909,5.905,-13.713,0.004,-3.085,-18.722,S0_1.17_264
264,-153.616,16.0,0.689,80.764,-0.776,-315.215,74.371,-45.399,0.518,30.564,194.115,-5.063,-2.909,-14.669,-43.607,7.478,-10.597,0.063,-3.486,-19.003,S0_1.17_265
265,-160.508,17.0,0.698,76.579,-0.91,-319.154,76.476,-47.548,0.54,33.104,194.622,-5.754,-3.646,-10.228,-45.8,7.055,-11.115,0.007,-6.215,-21.943,S0_1.17_266
266,-157.766,19.0,0.911,52.088,-0.797,-329.606,75.535,-38.649,0.565,31.225,191.064,-5.139,-4.88,-9.313,-42.281,6.713,-12.547,0.015,-5.19,-14.482,S0_1.17_267
267,-153.349,17.0,0.515,59.841,-0.836,-312.123,82.6,-43.758,0.566,29.853,186.697,-6.387,-3.643,-14.988,-42.833,8.764,-12.42,0.029,-6.144,-18.725,S0_1.17_268
268,-158.716,11.0,0.46,85.828,-0.706,-326.142,76.936,-45.275,0.517,32.906,194.805,-6.347,-4.337,-10.539,-45.873,8.988,-10.888,0.004,-2.946,-19.819,S0_1.17_269
269,-157.408,11.0,0.558,80.764,-0.789,-322.868,76.977,-39.367,0.556,30.412,193.176,-5.948,-5.935,-10.194,-44.171,7.599,-11.646,0.002,-4.944,-20.267,S0_1.17_270
270,-159.556,18.0,0.64,110.27,-0.785,-320.46,67.758,-36.217,0.534,32.578,178.516,-3.378,-4.336,-7.242,-42.524,6.685,-15.1,0.015,-3.627,-11.975,S0_1.17_271
271,-154.729,18.0,0.603,111.539,-0.836,-315.823,80.781,-45.344,0.523,31.722,185.912,-5.705,-2.221,-11.496,-41.171,7.487,-14.16,0.007,-4.456,-19.947,S0_1.17_272
272,-156.769,19.0,0.597,202.789,-0.765,-321.084,79.523,-43.548,0.541,28.907,195.031,-4.637,-2.878,-14.639,-44.952,7.079,-14.561,0.01,-2.338,-18.457,S0_1.17_273
273,-156.866,22.0,0.729,90.566,-0.838,-338.801,89.451,-49.525,0.512,34.058,213.551,-3.94,-6.097,-16.508,-41.637,8.063,-11.645,0.08,-4.028,-29.562,S0_1.17_274
274,-156.702,16.0,0.644,107.053,-0.899,-329.861,74.363,-34.233,0.615,35.64,174.911,-5.734,-4.281,-6.756,-43.413,8.305,-12.198,0.006,-3.984,-9.182,S0_1.17_275
275,-152.686,19.0,0.606,72.533,-0.818,-320.454,73.696,-41.422,0.551,29.411,190.012,-4.547,-2.626,-10.439,-44.283,8.111,-13.055,0.013,-2.078,-14.759,S0_1.17_276
276,-151.665,18.0,0.366,83.064,-0.834,-326.268,76.065,-43.354,0.535,35.313,196.878,-4.376,-3.495,-12.782,-42.116,8.568,-12.017,0.093,-6.161,-17.715,S0_1.17_277
277,-154.187,17.0,0.613,54.161,-0.785,-315.679,80.17,-44.763,0.558,29.167,194.746,-7.845,-5.429,-13.779,-41.301,6.63,-13.447,0.04,-4.557,-17.913,S0_1.17_278
278,-148.917,12.0,0.841,66.891,-0.758,-323.946,84.017,-34.495,0.545,32.598,183.304,-5.404,-4.096,-6.397,-43.694,7.187,-12.684,0.002,-5.001,-20.094,S0_1.17_279
279,-152.74,17.0,0.457,57.378,-0.807,-341.045,74.473,-33.569,0.606,37.969,185.503,-2.254,-7.796,-9.085,-42.239,8.999,-11.074,0.002,-3.018,-9.404,S0_1.17_280
280,-154.549,18.0,0.717,52.088,-0.832,-325.593,73.191,-38.65,0.585,31.264,190.061,-3.79,-3.08,-12.635,-42.373,8.03,-13.282,0.07,-4.467,-13.049,S0_1.17_281
281,-158.424,14.0,0.58,43.882,-0.68,-327.948,76.695,-42.02,0.535,35.948,190.485,-6.572,-4.01,-11.807,-40.913,6.759,-12.425,0.119,-5.828,-16.763,S0_1.17_282
282,-157.068,17.0,0.657,49.511,-0.824,-325.207,84.038,-45.858,0.569,31.513,195.471,-3.976,-4.151,-12.006,-41.436,6.239,-13.432,0.045,-2.225,-25.826,S0_1.17_283
283,-158.401,14.0,0.464,112.415,-0.847,-319.607,66.717,-35.901,0.611,30.146,180.616,-3.897,-3.812,-8.553,-42.962,5.707,-12.978,0.113,-3.252,-10.501,S0_1.17_284
284,-159.445,14.0,1.06,111.815,-0.71,-314.826,70.08,-38.791,0.54,31.609,178.042,-5.807,-3.096,-8.12,-43.652,6.588,-12.566,0.057,-3.901,-14.893,S0_1.17_285
285,-149.982,18.0,0.755,90.968,-0.731,-328.576,75.081,-38.383,0.631,32.443,185.044,-2.9,-3.665,-8.956,-43.363,8.246,-13.31,0.055,-2.903,-8.694,S0_1.17_286
286,-160.434,18.0,0.884,128.667,-0.656,-327.558,79.926,-44.572,0.508,33.232,188.32,-3.42,-3.955,-12.855,-41.217,7.346,-14.47,0.007,-3.859,-17.212,S0_1.17_287
287,-159.585,21.0,1.009,110.157,-0.931,-324.157,80.318,-48.55,0.513,32.927,197.108,-5.961,-4.217,-14.674,-41.512,7.423,-15.375,0.005,-3.131,-19.373,S0_1.17_288
288,-155.101,14.0,0.66,92.196,-0.767,-328.196,79.739,-39.346,0.621,32.406,188.663,-5.787,-5.299,-10.003,-42.091,7.498,-11.105,0.041,-2.387,-19.088,S0_1.17_289
289,-158.609,21.0,0.593,80.4,-0.817,-337.85,87.573,-39.573,0.653,33.153,186.252,-2.846,-6.862,-8.532,-41.255,6.79,-13.226,0.003,-3.878,-18.195,S0_1.17_290
290,-153.992,20.0,0.983,38.227,-0.813,-321.665,81.212,-40.548,0.592,32.032,183.29,-2.952,-4.352,-8.754,-42.613,6.005,-13.461,0.059,-4.275,-17.748,S0_1.17_291
291,-152.516,19.0,0.438,33.301,-0.857,-316.398,70.828,-44.177,0.504,32.11,196.965,-6.655,-4.411,-11.918,-41.908,7.77,-13.333,0.127,-3.755,-17.409,S0_1.17_292
292,-156.385,20.0,0.715,80.4,-0.868,-333.384,77.786,-36.526,0.664,35.02,182.536,-5.373,-3.437,-6.583,-41.555,6.668,-12.023,0.132,-5.758,-13.682,S0_1.17_293
293,-155.783,18.0,0.599,79.775,-0.849,-324.285,81.929,-46.07,0.468,33.549,196.646,-4.59,-4.911,-8.438,-44.189,7.576,-12.385,0.08,-6.357,-23.957,S0_1.17_294
294,-158.997,18.0,0.912,37.573,-0.789,-332.128,79.432,-44.107,0.562,31.904,202.816,-3.752,-3.439,-14.506,-43.811,5.867,-12.057,0.046,-3.025,-22.009,S0_1.17_295
295,-162.063,20.0,0.577,182.367,-0.872,-337.595,76.158,-45.063,0.647,32.605,194.668,-7.275,-3.089,-10.3,-40.768,6.114,-11.853,0.052,-4.174,-11.32,S0_1.17_296
296,-153.626,20.0,0.995,101.285,-0.746,-327.91,75.644,-46.096,0.567,33.727,201.5,-6.409,-2.319,-16.902,-41.245,7.801,-11.947,0.014,-2.901,-16.404,S0_1.17_297
297,-157.565,21.0,0.511,49.625,-0.749,-327.702,72.606,-29.47,0.639,33.684,170.146,-3.909,-3.732,-6.315,-42.257,7.402,-15.496,0.046,-3.475,-8.985,S0_1.17_298
298,-154.151,19.0,0.906,70.07,-0.811,-317.18,69.41,-37.417,0.522,30.839,189.421,-3.649,-3.838,-11.933,-41.436,6.731,-13.726,0.034,-5.01,-16.11,S0_1.17_299
299,-155.556,25.0,0.661,77.434,-0.793,-328.106,70.931,-36.646,0.547,34.642,188.581,-3.011,-5.474,-10.013,-37.941,7.101,-13.281,0.122,-6.355,-15.86,S0_1.17_300
300,-136.101,15.0,0.01,87.085,-1.587,-316.568,76.617,-33.374,0.624,38.563,174.503,-3.287,-4.17,-7.547,-41.388,6.645,-9.456,0.195,-3.134,-12.739,S0_1.17_301
301,-136.258,14.0,0.194,31.139,-1.581,-318.587,77.462,-34.46,0.625,39.296,176.247,-3.264,-4.041,-8.514,-41.432,7.37,-9.578,0.165,-3.226,-12.739,S0_1.17_302
302,-16.781,4.0,1.794,0.0,-0.872,-68.674,21.683,-2.521,0.214,7.11,37.153,-1.297,-1.712,0.0,-5.757,2.578,-3.659,0.005,3.523,-4.555,S0_1.17_303
